Workbook

Sheet README
A1: SPACE Survey → Five-Phase Blocker Registry System · Land O'Lakes Engineering · Q2 2025
A4: HOW TO USE THIS WORKBOOK
A5: Sheet 1 → Survey Input — Enter five SPACE dimension scores and metadata. All downstream sheets update via formula references.
A6: Sheet 2 → Phase 1: Score Triage — Automatic triage: score range bands, priority flags, cross-pattern detection, and executive summary.
A7: Sheet 3 → Phase 2: Open Text Analysis — Enter open text themes, frequency counts, and JTBD extractions. 30% threshold auto-applied.
A8: Sheet 4 → Phase 3: Cross-Validation — Enter quantitative signal data. Triangulation gate auto-computes confirmation count per blocker.
A9: Sheet 5 → Phase 4: Journey Mapping — Document journey mapping session findings, dot-vote rankings, and 5-Whys root causes.
A10: Sheet 6 → Phase 5: Blocker Registry — Auto-populated registry with AI feasibility scoring matrix and opportunity classification.
A12: WORKED EXAMPLE — All sheets are pre-populated with a realistic Land O'Lakes Engineering example (38 respondents, Q2 2025).
A13: EDIT SCORES — Change the five dimension scores in Sheet 1 cells B5:B9. All downstream analysis updates automatically via formulas.
A15: ▶ SCORE RANGE BANDS
A16: 1.0 – 2.0 → Critical — Emergency track. 48hr deep-dive. Immediate journey mapping within 5 days.
... A22: REVERSE SCORING NOTE — Activity (Q22,23,25,26,27,30) and Communication (Q32,37) and Efficiency (Q41,42,45,48,49) include reverse-scored questions. Formula: reversed score = 6 − raw score. This ensures 5 always = best outcome across all questions.

Sheet 1 · Survey Input
A1: SPACE Survey — Input & Metadata · Edit cells in Column B
A2: METADATA | B2: VALUE | C2: NOTES
A3: Organisation | B3: Land O'Lakes Engineering | C3: Name of the org or team surveyed
A4: Survey Cycle | B4: Q2 2025 | C4: Quarter and year
A5: Respondents | B5: 38 | C5: Total number of developers who completed the survey
A6: Response Rate | B6: 76% | C6: % of invited developers who responded
A7: Prev Cycle | B7: Q1 2025 | C7: Prior survey cycle for trend comparison
A8: Survey Date Closed | B8: 2025-05-09 | C8: Date survey responses closed
A10: FIVE DIMENSION SCORES · Enter averaged Likert scores (1.0 – 5.0)
A11: Dimension | B11: Score (1–5) | C11: Prev Score | D11: Trend
A12: S — Satisfaction | B12: 2.4 | C12: 2.7 | D12: =IF(B12-C12<-0.39,"↓ Critical drop",IF(B12-C12<0,"↓ Declining",IF(B12-C12=0,"→ Stable","↑ Improving"))) -> ↓ Declining
A13: P — Performance | B13: 3.1 | C13: 3.1 | D13: =IF(B13-C13<-0.39,"↓ Critical drop",IF(B13-C13<0,"↓ Declining",IF(B13-C13=0,"→ Stable","↑ Improving"))) -> → Stable
A14: A — Activity | B14: 3.8 | C14: 4.3 | D14: =IF(B14-C14<-0.39,"↓ Critical drop",IF(B14-C14<0,"↓ Declining",IF(B14-C14=0,"→ Stable","↑ Improving"))) -> ↓ Critical drop
A15: C — Communication | B15: 2.6 | C15: 3 | D15: =IF(B15-C15<-0.39,"↓ Critical drop",IF(B15-C15<0,"↓ Declining",IF(B15-C15=0,"→ Stable","↑ Improving"))) -> ↓ Critical drop
A16: E — Efficiency | B16: 2.2 | C16: 2.8 | D16: =IF(B16-C16<-0.39,"↓ Critical drop",IF(B16-C16<0,"↓ Declining",IF(B16-C16=0,"→ Stable","↑ Improving"))) -> ↓ Critical drop
A18: SCORE RANGE REFERENCE
A19: 1.0 – 2.0 | B19: Critical
A20: 2.1 – 2.9 | B20: Significant friction
A21: 3.0 – 3.4 | B21: Moderate friction
A22: 3.5 – 4.2 | B22: Healthy
A23: 4.3 – 5.0 | B23: Excellent

Sheet 2 · P1 Score Triage
A1: PHASE 1 — SCORE TRIAGE · Day 1: Apply range bands · Flag P1 · Check cross-patterns · Brief VP Eng
A2: Activities: (1) Apply range bands (2) Cross-pattern check (3) Psych safety gate Q7 (4) Send exec summary same day
A3: Dimension | B3: Score | C3: Range Band | D3: Priority | E3: Trend | F3: Drop > 0.4? | G3: Cross-Pattern Alert | H3: Action Required | I3: Psych Safety Flag
A4: S — Satisfaction | B4: ='1 · Survey Input'!B12 -> 2.4 | C4: ='1 · Survey Input'!B12 -> 2.4 | D4: =IF(B4<2,"P1 EMERGENCY",IF(B4<2.9,"P1",IF(B4<3.5,"P2","P3"))) -> P1 | E4: ='1 · Survey Input'!D12 -> ↓ Declining | F4: =IF(ABS('1 · Survey Input'!B12-'1 · Survey Input'!C12)>0.39,"YES — override to P1","No") -> No | G4: =IF(AND('1 · Survey Input'!B12<2.9,'1 · Survey Input'!B16<2.9),"🔴 Low S + Low E: tooling harm. Highest AI ROI.",IF(AND('1 · Survey Input'!B12<2.9,'1 · Survey Input'!B13>=3.3),"🟡 Low S + Healthy P: attrition risk","-")) -> 🔴 Low S + Low E: tooling harm. Highest AI ROI. | H4: =IF(B4<2,"48hr deep-dive. Journey mapping within 5 days.",IF(B4<2.9,"Investigation within 2 weeks. Cross-validate.",IF(B4<3.5,"Monitor trend quarterly.","Cross-validate with DORA."))) -> Investigation within 2 weeks. Cross-validate. | I4: =IF('1 · Survey Input'!B12<2.5,"⚠️ Low — run 1:1s instead of workshops","OK") -> ⚠️ Low — run 1:1s instead of workshops
A5: P — Performance | B5: ='1 · Survey Input'!B13 -> 3.1 | C5: ='1 · Survey Input'!B13 -> 3.1 | D5: =IF(B5<2,"P1 EMERGENCY",IF(B5<2.9,"P1",IF(B5<3.5,"P2","P3"))) -> P2 | E5: ='1 · Survey Input'!D13 -> → Stable | F5: =IF(ABS('1 · Survey Input'!B13-'1 · Survey Input'!C13)>0.39,"YES — override to P1","No") -> No | G5: =IF(AND('1 · Survey Input'!B12<2.9,'1 · Survey Input'!B13>=3.3),"🟡 Low S + Healthy P: heroics / attrition risk","-") -> - | H5: =IF(B5<2,"48hr deep-dive.",IF(B5<2.9,"Investigation within 2 weeks.",IF(B5<3.5,"Monitor trend.","Cross-validate with DORA."))) -> Monitor trend. | I5: —
A6: A — Activity | B6: ='1 · Survey Input'!B14 -> 3.8 | C6: ='1 · Survey Input'!B14 -> 3.8 | D6: =IF(B6<2,"P1 EMERGENCY",IF(B6<2.9,"P1",IF(B6<3.5,"P2","P3"))) -> P3 | E6: ='1 · Survey Input'!D14 -> ↓ Critical drop | F6: =IF(ABS('1 · Survey Input'!B14-'1 · Survey Input'!C14)>0.39,"YES — override to P1","No") -> YES — override to P1 | G6: =IF(AND('1 · Survey Input'!B14>3.4,'1 · Survey Input'!B12<2.9),"🟠 High A + Low S: hidden toil. Velocity review misses this.","-") -> 🟠 High A + Low S: hidden toil. Velocity review misses this. | H6: =IF(B6<2,"48hr deep-dive.",IF(B6<2.9,"Investigation within 2 weeks.",IF(B6<3.5,"Monitor trend.","Pair with S score before concluding."))) -> Pair with S score before concluding. | I6: —
A7: C — Communication | B7: ='1 · Survey Input'!B15 -> 2.6 | C7: ='1 · Survey Input'!B15 -> 2.6 | D7: =IF(B7<2,"P1 EMERGENCY",IF(B7<2.9,"P1",IF(B7<3.5,"P2","P3"))) -> P1 | E7: ='1 · Survey Input'!D15 -> ↓ Critical drop | F7: =IF(ABS('1 · Survey Input'!B15-'1 · Survey Input'!C15)>0.39,"YES — override to P1","No") -> YES — override to P1 | G7: =IF(AND('1 · Survey Input'!B15<2.9,'1 · Survey Input'!B13<3.5),"🟣 Low C + Moderate P: coordination overhead","-") -> 🟣 Low C + Moderate P: coordination overhead | H7: =IF(B7<2,"48hr deep-dive.",IF(B7<2.9,"Investigation within 2 weeks.",IF(B7<3.5,"Monitor trend.","Cross-validate with PR data."))) -> Investigation within 2 weeks. | I7: —
A8: E — Efficiency | B8: ='1 · Survey Input'!B16 -> 2.2 | C8: ='1 · Survey Input'!B16 -> 2.2 | D8: =IF(B8<2,"P1 EMERGENCY",IF(B8<2.9,"P1",IF(B8<3.5,"P2","P3"))) -> P1 | E8: ='1 · Survey Input'!D16 -> ↓ Critical drop | F8: =IF(ABS('1 · Survey Input'!B16-'1 · Survey Input'!C16)>0.39,"YES — override to P1","No") -> YES — override to P1 | G8: =IF(AND('1 · Survey Input'!B12<2.9,'1 · Survey Input'!B16<2.9),"🔴 Low E + Low S: tooling is harming. Act immediately.","-") -> 🔴 Low E + Low S: tooling is harming. Act immediately. | H8: =IF(B8<2,"48hr deep-dive.",IF(B8<2.9,"Investigation within 2 weeks.",IF(B8<3.5,"Monitor trend.","Cross-validate with build data."))) -> Investigation within 2 weeks. | I8: —

Sheet 3 · P2 Open Text
A1: PHASE 2 — OPEN TEXT ANALYSIS · Days 1–3: Cluster themes · 30% threshold · JTBD extraction
A2: 30% threshold: theme mentioned by ≥30% of respondents = Promoted to Phase 3. 15-29% = Investigate. <15% = Monitor only.
A3: Theme Description | B3: Survey Question(s) | C3: Respondents Mentioning | D3: % of Total | E3: Threshold Status | F3: Verbatim Quote (preserve exact language) | G3: JTBD Statement Extracted
A4: Build pipeline failures & cryptic error messages | B4: Q50 (Efficiency) | C4: 18 | D4: =C4/('1 · Survey Input'!B4)*100 -> #VALUE! | E4: =IF(D4>=30,"✓ PROMOTED",IF(D4>=15,"~ INVESTIGATE","Monitor")) -> #VALUE! | F4: "I spent most of Tuesday decoding a stack trace that said 'exit code 1'. No context, no pointer. Eventually found it was a flaky integration test unrelated to my change." | G4: When a CI build fails, I want to understand what broke and why in plain English so that I can fix it in under 5 minutes instead of 45.
A5: Codebase onboarding friction — understanding unfamiliar services | B5: Q10 (Satisfaction) | C5: 16 | D5: =C5/('1 · Survey Input'!B4)*100 -> #VALUE! | E5: =IF(D5>=30,"✓ PROMOTED",IF(D5>=15,"~ INVESTIGATE","Monitor")) -> #VALUE! | F5: "Every time I pick up a ticket in Precision Ag I spend half a day just reading code. There's no documentation, no README that's current." | G5: When I pick up a ticket in an unfamiliar service, I want to understand its purpose, entry points, and key dependencies in under 5 minutes without reading all the source code.
A6: Unclear requirements causing mid-sprint rework | B6: Q40 (Communication) | C6: 13 | D6: =C6/('1 · Survey Input'!B4)*100 -> #VALUE! | E6: =IF(D6>=30,"✓ PROMOTED",IF(D6>=15,"~ INVESTIGATE","Monitor")) -> #VALUE! | F6: "We start coding and find out the AC was wrong. I've rewritten the same feature three times this quarter because the ticket said one thing and the stakeholder meant another." | G6: When a ticket moves to In Progress, I want to see a structured acceptance criteria checklist so that I can identify ambiguity before writing a single line of code.
A7: Incident RCA taking 2-3 hours before remediation | B7: Q50 (Efficiency) | C7: 11 | D7: =C7/('1 · Survey Input'!B4)*100 -> #VALUE! | E7: =IF(D7>=30,"✓ PROMOTED",IF(D7>=15,"~ INVESTIGATE","Monitor")) -> #VALUE! | F7: "When something breaks in the Supply Chain API I spend the first two hours figuring out which deployment caused it. By then I'm already 3 hours into an incident." | G7: When a P1 incident fires, I want to see the most likely root cause with supporting evidence so that I can begin remediation within 10 minutes of the alert.
A8: Test environment provisioning delays (2-3 hrs) | B8: Q20 (Performance) | C8: 7 | D8: =C8/('1 · Survey Input'!B4)*100 -> #VALUE! | E8: =IF(D8>=30,"✓ PROMOTED",IF(D8>=15,"~ INVESTIGATE","Monitor")) -> #VALUE! | F8: "Sometimes I wait 2-3 hours for a test environment. Not every sprint but when it happens it kills my flow for the rest of the day." | G8: When I need a test environment, I want it to be available within 5 minutes so that I don't lose my coding context while waiting.

Sheet 4 · P3 Cross-Validate
A1: PHASE 3 — QUANTITATIVE CROSS-VALIDATION · Days 2–4: Pull DORA · Pipeline · PR data · IDE telemetry
A2: Triangulation gate: A blocker enters the registry ONLY when ≥2 independent signal types agree. Enter data in yellow cells.
A3: Candidate Blocker | B3: Survey Signal | C3: Survey Sub-Score | D3: Quant Data (DORA/Pipeline) | E3: Quant Value | F3: Open Text Frequency | G3: Open Text Threshold | H3: Confirmed Sources (count) | I3: Registry Decision
A4: Build pipeline errors & flaky tests | B4: E score low | C4: 2.2 / 5.0 | D4: Avg build time + flaky test rate | E4: 38 min / 22% flaky | F4: 47% (18/38) | G4: ≥30% | H4: =IF(AND(B4<>"—",C4<>"—",E4<>"—"),"3 of 3",IF(AND(B4<>"—",E4<>"—"),"2 of 3",IF(AND(B4<>"—",C4<>"—"),"2 of 3","1 of 3"))) -> 3 of 3 | I4: =IF(H4="3 of 3","✓ P1 Registry",IF(H4="2 of 3","✓ P1/P2 Registry","Investigate further")) -> ✓ P1 Registry
A5: Codebase onboarding friction | B5: E+P score low | C5: E:2.2 P:3.1 | D5: IDE telemetry — avg session length | E5: 11 min avg session | F5: 42% (16/38) | G5: ≥30% | H5: =IF(AND(B5<>"—",C5<>"—",E5<>"—"),"3 of 3",IF(AND(B5<>"—",E5<>"—"),"2 of 3",IF(AND(B5<>"—",C5<>"—"),"2 of 3","1 of 3"))) -> 3 of 3 | I5: =IF(H5="3 of 3","✓ P1 Registry",IF(H5="2 of 3","✓ P1/P2 Registry","Investigate further")) -> ✓ P1 Registry
A6: Requirements clarity / rework loops | B6: C score low | C6: 2.6 / 5.0 | D6: PR iteration count (avg per PR) | E6: 3.2 iterations avg | F6: 34% (13/38) | G6: ≥30% | H6: =IF(AND(B6<>"—",C6<>"—",E6<>"—"),"3 of 3",IF(AND(B6<>"—",E6<>"—"),"2 of 3",IF(AND(B6<>"—",C6<>"—"),"2 of 3","1 of 3"))) -> 3 of 3 | I6: =IF(H6="3 of 3","✓ P1 Registry",IF(H6="2 of 3","✓ P1/P2 Registry","Investigate further")) -> ✓ P1 Registry
A7: Incident RCA speed | B7: E score low (partial) | C7: 2.2 / 5.0 | D7: MTTR from PagerDuty | E7: 3.1 hrs avg MTTR | F7: 29% (11/38) | G7: 15-29% | H7: 2 of 3 | I7: ✓ P2 Registry
A8: Test env provisioning delays | B8: P score partial | C8: 3.1 / 5.0 | D8: — | E8: No data captured | F8: 18% (7/38) | G8: <30% | H8: 1 of 3 | I8: Investigate further
A9: On-call rotation imbalance | B9: C Q39 low | C9: C sub-score | D9: — | E9: — | F9: — | G9: <15% | H9: 1 of 3 | I9: Monitor — not AI fix

Sheet 5 · P4 Journey Map
A1: PHASE 4 — JOURNEY MAPPING WORKSHOPS · Days 5–10: Walk the journey · Dot vote · 5-Whys root cause
A2: For each session: recruit 6-8 devs from lowest-scoring teams. DO NOT show scores before narration. Map steps → annotate friction → dot vote → 5-Whys on top 3.
A3: Journey Step | B3: Avg Time | C3: Friction Type | D3: Dot Votes (of 40) | E3: Developer Quote | F3: 5-Whys Root Cause | G3: Blocker Confirmed? | H3: JTBD Statement for Step 3
A4: Pick up ticket (Jira) — read description | B4: 15 min | C4: 🟢 Smooth | D4: 0 dots | E4: Ticket exists and is readable. No issues. | F4: N/A | G4: No blocker
A5: Understand the affected service / codebase | B5: 3.5 hours | C5: 🔴 Major Pain | D5: 7 / 8 dots | E5: "I have to read every file in the service to understand what it does. README is 2 years out of date. No one has updated it." | F5: Root: No automated documentation or AI-assisted explanation tool. Developers use source code reading as primary understanding mechanism. No codebase Q&A agent exists. | G5: ✓ Confirmed P1 | H5: When I pick up a ticket in an unfamiliar service, I want to understand its purpose and entry points in under 5 min without reading all source code.
A6: Write code and unit tests | B6: 4 hours | C6: 🟢 Smooth | D6: 1 dot | E6: Once the codebase is understood, actual coding is fast. Tests are straightforward. | F6: N/A — no blocker at this step | G6: No blocker
A7: Submit PR → wait for CI/CD build | B7: 38 min wait | C7: 🔴 Pain | D7: 6 / 8 dots | E7: "Half the time it fails for a test that has nothing to do with my change. I just re-run it three times and hope." | F7: Root: No test impact analysis — full suite runs on every PR. 22% of failures are flaky tests unrelated to the change. No AI explanation of failure message. | G7: ✓ Confirmed P1 | H7: When CI fails, I want to know which test failed and why in plain English so I can fix or dismiss it in 5 minutes.
A8: Address code review comments → iterate | B8: Avg 3.2 cycles | C8: 🟡 Wait | D8: 4 / 8 dots | E8: "Review comments contradict each other. One reviewer wants it one way, another wants the opposite. No consistent standard." | F8: Root: No automated first-pass review to normalise standards. Reviewers apply personal preferences. No AI pre-review before human review. | G8: ✓ Confirmed P2 | H8: When I submit a PR, I want a consistent first-pass review completed within 5 minutes so human reviewers focus on architecture not style.
A9: Deploy to production via approval gate | B9: 2 hr wait | C9: 🟡 Wait | D9: 3 / 8 dots | E9: "Low-risk changes go through the same full approval as high-risk ones. It's a one-size-fits-all gate." | F9: Root: No change risk scoring. All changes treated as equal risk. Manual CAB review applied universally. | G9: ✓ Confirmed P2 | H9: When I merge a low-risk change, I want it to skip manual approval and deploy automatically based on a risk score.

Sheet 6 · P5 Registry + AI
A1: PHASE 5 — VALIDATED BLOCKER REGISTRY + AI FEASIBILITY ASSESSMENT · Days 10–14
A2: Registry: 2+ signal validated blockers. AI Feasibility: Tool Maturity 25% · Integration 20% · Cost 25% · Data 15% · Adoption 15%
A3: # | B3: Blocker | C3: SDLC Phase | D3: SPACE Dim | E3: Score | F3: Signal Sources | G3: Dev Reach | H3: Hrs/Sprint Lost | I3: AI Fit Flag | J3: Priority | K3: AI Tool Candidate
A4: 1 | B4: Codebase onboarding friction | C4: Coding | D4: E + P | E4: 2.2 | F4: Survey + IDE telemetry + Open text (3/3) | G4: 42% (16/38) | H4: ~3.5 hrs | I4: YES | J4: P1 | K4: GitHub Copilot + RAG
A5: 2 | B5: Build pipeline errors & flaky tests | C5: Build/Test | D5: E | E5: 2.2 | F5: Survey + CI/CD data + Open text (3/3) | G5: 47% (18/38) | H5: ~2.8 hrs | I5: YES | J5: P1 | K5: BuildPulse + Harness AI
A6: 3 | B6: Requirements clarity / rework loops | C6: Planning | D6: C | E6: 2.6 | F6: Survey + PR iteration + Open text (3/3) | G6: 34% (13/38) | H6: ~2.2 hrs | I6: YES | J6: P1 | K6: Custom AC Agent on Jira
A7: 4 | B7: Incident RCA speed | C7: Operations | D7: E | E7: 2.2 | F7: Survey + MTTR data + Open text (2/3) | G7: 29% (11/38) | H7: ~3.1 hrs/inc | I7: YES | J7: P2 | K7: PagerDuty AI + Splunk
A8: 5 | B8: Unsustainable heroics / attrition | C8: All phases | D8: S + P | E8: 2.4 | F8: Survey + commit timestamps (2/3) | G8: S declining | H8: Retention cost | I8: NO — mgmt | J8: P2 non-AI | K8: Management coaching workstream
A10: AI FEASIBILITY SCORING MATRIX · Top 4 AI-Fit Blockers · Score 1–5 per dimension
A11: Blocker | B11: Tool Maturity (25%) | C11: Integration Ease (20%) | D11: Cost Efficiency (25%) | E11: Data Availability (15%) | F11: Dev Adoption (15%) | G11: Weighted Score | H11: Classification | I11: Recommended Tool | J11: Implementation Timeline | K11: Est. ROI Horizon
A12: Codebase onboarding | B12: 5 | C12: 4 | D12: 5 | E12: 4 | F12: 5 | G12: =(B12*0.25+C12*0.2+D12*0.25+E12*0.15+F12*0.15) -> 4.65 | H12: =IF(G12>=8,"Quick Win",IF(G12>=6,"Strategic Bet",IF(G12>=4,"Monitor","Defer"))) -> Monitor | I12: GitHub Copilot Enterprise + RAG on codebase | J12: Weeks 11–18 (Step 3 now) | K12: ~6 months
A13: Build pipeline errors | B13: 5 | C13: 5 | D13: 4 | E13: 4 | F13: 4 | G13: =(B13*0.25+C13*0.2+D13*0.25+E13*0.15+F13*0.15) -> 4.45 | H13: =IF(G13>=8,"Quick Win",IF(G13>=6,"Strategic Bet",IF(G13>=4,"Monitor","Defer"))) -> Monitor | I13: BuildPulse (flaky) + Harness AI Autofix | J13: Weeks 11–18 (Step 3 now) | K13: ~4 months
A14: Requirements clarity | B14: 4 | C14: 4 | D14: 5 | E14: 3 | F14: 4 | G14: =(B14*0.25+C14*0.2+D14*0.25+E14*0.15+F14*0.15) -> 4.1 | H14: =IF(G14>=8,"Quick Win",IF(G14>=6,"Strategic Bet",IF(G14>=4,"Monitor","Defer"))) -> Monitor | I14: Custom AC Agent on Jira (LLM + ticket history) | J14: Weeks 11–18 (Step 3 sprint 2) | K14: ~8 months
A15: Incident RCA speed | B15: 5 | C15: 3 | D15: 4 | E15: 5 | F15: 4 | G15: =(B15*0.25+C15*0.2+D15*0.25+E15*0.15+F15*0.15) -> 4.2 | H15: =IF(G15>=8,"Quick Win",IF(G15>=6,"Strategic Bet",IF(G15>=4,"Monitor","Defer"))) -> Monitor | I15: PagerDuty AI + Splunk ITSI correlation | J15: Q3 2025 (Step 3 sprint 3) | K15: ~9 months
A17: PROGRAM OUTPUT SUMMARY · Ranked AI Opportunity Map — Step 2 Complete
A18: Quick Wins identified | B18: =COUNTIF(H12:H15,"Quick Win") -> 0 | C18: Start Step 3 co-design immediately
A19: Strategic Bets identified | B19: =COUNTIF(H12:H15,"Strategic Bet") -> 0 | C19: Plan PoC sprint Q3
A20: Non-AI routes | B20: 1 | C20: Heroics/attrition → management workstream
A21: Est. hrs/sprint recovered | B21: ~8.5 | C21: If Quick Wins deployed (3.5 + 2.8 + 2.2)
A22: Next step | B22: Step 3: Shape AI Solutions | C22: Run co-design sprint on codebase onboarding agent this week
